<?xml version="1.0" encoding="utf-8" ?>
<?xml-stylesheet type="text/css" href="pgm5.css" ?>

<student_information>
	<h1> STUDENTS DESCRIPTION </h1>

	<student>
	<USN>USN : 1CE17CS059</USN>
	<name>NAME : Nandan </name>
	<college>COLLEGE : CEC</college>
	<branch>BRANCH : Computer Science and Engineering</branch>
	<year>YEAR : 2021</year>
	<email>email : nandan@gmail.com</email>
	</student>

	<student>
	<USN>USN : 1CE17CS024</USN>
	<name>NAME : Bhaskar</name>
	<college>COLLEGE : CEC</college>
	<branch>BRANCH : Computer Science and Engineering</branch>
	<year>YEAR : 2021</year>
	<email>email : bhaskar@gmail.com</email>
	</student>

	<student>
	<USN>USN : 1CE17CS060</USN>
	<name>NAME : Naveen </name>
	<college>COLLEGE : CEC</college>
	<branch>BRANCH : Computer Science and Engineering	</branch>
	<year>YEAR : 2021</year>
	<email>email : naveen@gmail.com</email>
	</student>
	
</student_information>